{
    "display": {
        "icon": {
            "item": "minecraft:obsidian"
        },
        "title": {
            "text": "Buce's Packs"
        },
        "description": {
            "text": "Currently installed datapacks",
            "color": "green"
        },
        "background": "minecraft:textures/block/blue_terracotta.png",
        "show_toast": false,
        "announce_to_chat": false,
        "frame": "challenge"
    },
    "criteria": {
        "tick": {
            "trigger": "minecraft:tick"
        }
    }
}
